id,username,address
1,Cronus,01a35017c1475e9c4daa88771ee5bc9ee427c28f
2,bardionson,01cb023186cab05220554ee75b4d69921dd051f1
3,upheaver,0320de3378dcde180758ad2d41c0e1c6dcbb441d
4,elDuderino,04f487671975db0581afeb5fcccf500672806015
5,MasterTrader420,06ce30bd0e1520af542cd5f3a80ea2d1083a2888
6,vruot,076e89fe9e24c191ebee53cceec5356600c8d059
7,Status,085627c26cdc6fa43ad562e0eb636c1cec498493
8,max,0b715ca8dc39e7f8a480d28d9822ae02f0a57008
9,NA,0d670d3cf94007639d0bd3f9286cea62f6271093
10,danieljakobian,0da07e67c2ca3a3cfcb58af115e1c0ed64f69f96
11,VK_Crypto,10017ca37b1257ac0771e24652aa28c758e378eb
12,Ionaapples,10cfd6263d33428b9a87ada54284d6a5dccc1080
13,afkehaya,123d956563261571569233624fbec7c9fe5a0af2
14,cardmerchant,135cc6b6d16593b032bfd8a9a027b2a6d04176f7
15,superm,1464d4e3c815de3028572b850c6c34dfc57e9320
16,iansheridan,16aac3c06f7e4da97c29d0f14126517e37b9f43f
17,KILLth,16caab5371ae1ff9fb01617769ddeeb52460951e
18,alwx,17f55f9d9f9ab3187060c07d4eaee2bd8e2b31dc
19,BINGO,191bbca32478b3ec3eb58f5569e6a86b8c6d92eb
20,AdrienLF,198574b36647b05d925c152471d05aa0d5d3e1c0
21,neekolas86,19e15a9fe6b97f5e01c697a53fe124d9151c96e4
22,juliakponsford,1a1136a351fb653df6af838442c9fdf44f2f42d8
23,zora,1b158330eb18839f50649f4cb8f49954214866a3
24,eccojamc1,1cf4d277263024d212c49ae0afb1ac5e8ab04cf4
25,petstick,1d6f2f0356b3defadf14b1a0f8a3dcda89367d68
26,blockchainbrett,1e341aa44c293d95d13d778492d417d1be4e63d5
27,Hackatao,21316e6a4f0af45e5f1503984e83b10c53b177d8
28,jmahhh,215fedd5780c39fbdadb4bc3700de61a8ffdd74a
29,Zakulele,234ff6b1fe028fcc7cc9dbc52d0532d9e7ae7f2f
30,NA,249a1824bde336330bafbbbc3d6e7a4e60948a1e
31,reinhard-schmid,25981260dd48274abb39d48ed3cd96384522c217
32,triplecode,26c2c08cc58d7fa471ded745fcd0fdcedb282e17
33,cryptoARTwhale,27d54e5487a6b64ce403f627c1d0843d469f8200
34,jordanc,2b3ab8e7bb14988616359b78709538b10900ab7d
35,AnaelleLTD,2c89c3660a985ccdebf7e63f5f0f8b83e54cd49d
36,msaf3,2d90331b87246af3a99dfe2672ebd114d887be71
37,OSIRIS,2e0b873d26f6d90f347757ed0d041bc65e02a89f
38,BeAuTiFaLoNe,2f6c9365f7b6e74fa301425bbc766e549d4f5108
39,toptickcrypto,2fcc020f72e5d2edd2a24d04f3dc90d7fdfbd1dd
40,cryptoartista,304853db648d38ee7c8f800a8bf71b1da0ffcb5e
41,digitaluminati,32cee3fb2ecd101c4b6b6a0ecb5f4c283099a8d2
42,EyeballKid,335e19b3f5dcfa2e398ee7d5ff430a1f8ccc88b2
43,ArtWhale,337101def3eeb6f06e071efe02216274507937bb
44,Cr8_Alt_Del,346270b749a111f5aa5cf2ffabb3f5e146ddb883
45,k06a,35d9c1c4506594f9ec902015bec622be5ebc6c7d
46,fabianospeziari,36bd6221c2016371c3af00071726578b91acb007
47,helenr,37d6140e556d3730e366ae983de4f436addb3b62
48,Gallery,37d866f359f1104b67c40861c9f7b411c2287dff
49,levpolyakov,39c040b50a13894e19dfbb0af47ac9bade9926da
50,XCOPY,39cc9c86e67baf2129b80fe3414c397492ea8026
51,sandorsalas,3c558cb7f966e1d16abd720968f9398b2fa2a30e
52,jonathanmann,3d9456ad6463a77bd77123cb4836e463030bfab4
53,cryptowanderer,406abd306b633b6460666b4092784a3330370c7b
54,pinlord,408c76d8e3284338cda7fded97aaf833b7b2480d
55,freed,40941f5619974c639fe13fe977fd92805fc10ec3
56,Kreios,414b46fbd1d189cf22c177c85d13142fc6d9d2f4
57,hansikhouse,42156cd874edd7703c2063cee44dd6da8312c3d5
58,estes,4410bb5accef3848bc7b64131ceb3d54740682e8
59,mikedotalmond,44821f92d83c5b6055044ebf3de64574c894854a
60,travisleroy,47709726b5bdc4c8c97de43691d93821d5b14103
61,danyo11,49e6f2d934077995cf4b24701fa5ae7f7b5e82e5
62,robbiebent,4a7765c92149884dac1a7a60094efe5670af376a
63,Shadi,4ad818a7b5eceea39d42dcd1cd75ecab3bfed6a4
64,snikt83,4af4aebe930e938fa11ad28cd2c88645cce739a1
65,leozeba,4cc94028024bb109784690d71a4a010241aa6689
66,morbon,4e6772b3d36cd45182cd93926b1de04172be9eaa
67,Kathere,509de581ff7d32b7c38e95122de8b3ca59da9159
68,DjangoBits,51c3016d6699480ec6becdf2155079c27ebae040
69,NA,530cf036ed4fa58f7301a9c788c9806624cefd19
70,NA,53884d6d5edc031cf063c36103710583631f0f3c
71,snowfro,5462dee16b3f4d240ebbe52c9c4214c912ccdda4
72,Pindar,55372173689c288552885d897d32f5f706f79aa6
73,MattiaC,576a655161b5502dcf40602be1f3519a89b71658
74,LlamaD,58771b7ce13aac743954b751a5a3b74f4a32541f
75,voronoi,597d709fd3b6f39b78578f0536955ae86bc062ca
76,uxt,5ab5844dd55ab73212d1527e4cf72fea884e39dd
77,youngstax,5ac843eecbf67669d4003aa49ae5e0136dc73365
78,Zoltar,5acce70cae148b520ff36dcf177ee78ba54ebc04
79,opheliafu,5b0d92e138422428d8e5afab8ee8f99ba9a4e613
80,rarity,5c25aac680e826490c82cd5ea0c5dcb5ffe5b05a
81,hisartwork,5cbb31e39ca93ca13d8e9f686bf749b14076bc65
82,anaduje,5f91a6795537bb179b6cce3e9032e5f861308460
83,JScrilla,5fae9d4b591f213b3ba75287f2cfac0883d17f7a
84,pbock,60d38778adbbeeac88f741b833cbb9877228eea0
85,planeswalker,62f7418c3ae08379b25a4b32c1f16e0e8758f9b1
86,roycemoroch,6426e7b1a621884bc185a46079abd759a1908051
87,Bru61,64c913639c3ed8983d8f3da487a3ca530e51e694
88,TheGaloisCxn,65593b011d6c1726e02bfa17f1370aa3c5f95bb0
89,vg,662ec70531509df61c8c8e44650c203f0ab79466
90,mobydick,6659c7b450158ed257b85f2473700bfec0ea0806
91,ghostshoes,66f174184b24b3dafa63c4c716c4fb9d251d598e
92,s,67201cb74b974b43f8083d32e290dca1eacd9382
93,red,674a378f73bef19dd70643fb3e4ab47d69a9b475
94,zaphodok,6853a596d6d7264d3622546da3b891b6fe17eb82
95,midnight,6954d0255cfed71d55ad8b371b4170b8bf7709dc
96,Janne,69aad835cb3f62e435fc693443ce49bfe74b6dbe
97,Snowmaster,6c8d601ce9850d6fa2179f8e65cc3ab63b5a5762
98,realorrin,7056a5da7d269b31eb2e54e5579e41ef283d7d2c
99,jomessin,74b78e98093f5b522a7ebdac3b994641ca7c2b20
100,ConnieDigital,74ec638d8e82ab4e7aacac77ef47a49e735ca7dd
101,ineffectualproperty,756678bd0d2358d2198511c3adf50502fdf45597
102,FollowFridays,75d41cdb138c4125f89bef198fd3d865c5e42808
103,0xbull,7672b17d5eebb7194d57066f86fbcb4e85a7e10e
104,artonymousartifakt,77350e1152efd5f2d807a6124015c629a907155e
105,stanfordcs,7992951848ec94911d9c413a9fc53959dab8bc68
106,scrilla,79f7c440b359dece7f2a74813a94c36e3aba740e
107,jeffgdavis,7d42611012fdbe366bf4a0481fc0e1abf15e245a
108,g_dip,7d6105d75c5e6a40791a50a52a92365545e9b112
109,DrOAT,7dec37c03ea5ca2c47ad2509be6abaf8c63cdb39
110,ReluctantBeagle,7e340f8bb5dafa15a16825e2a547ba8c04b297e6
111,wyatt,7ea92dbce5387f8ff480fe5d557abd4c7b09054f
112,drone,7ec5c34f817867b10ff34d76dbc7ac2b9240ce85
113,Albert,7f67e80272d6349a70acd0a6d0dc169292431020
114,y0l4nd4b3c00l,806c05ffe56f49358d958306c3f07f015148a621
115,NY,82aa7f697b9bc19f286d286d130405c0850a2e7b
116,bluer,830e3a6766c753e041aa5b78e94213972a99d400
117,matthewiles,83e5088ad8a728ca6329d385dc706d9353a05dea
118,liamellul,84e6bd4288650f5fff504c2659916de682aa3c8c
119,DrBeef_,860c4604fe1125ea43f81e613e7afb2aa49546aa
120,pet3rpan,865c2f85c9fea1c6ac7f53de07554d68cb92ed88
121,cjremus,88f78b27b0eab9cb2f9108808070c7aa1e6a88b8
122,nucara,89add8c2d24467410e60e2c24aba31b8ab9e05d8
123,Dani,89c010bc7085eb150b66582f13681f9e36904bea
124,LuoHan,89c5dca00b9bf5ad746b91ec911c56cb4aee17f0
125,JoeChiappetta,89f2420190d752a29671dad303446cdbe8c2193a
126,egorulz,8e23b400c603e1fd0990b69d7734531f6a0db334
127,john,922e09cbb00ca5cacb1d09b38280f09b1e3cab4d
128,nissla,92fab452e2f14c7730f79031906e06326c916946
129,Sky,94ea44d8cb575032373a9925f794be48a2b806e7
130,vvvv,958973a140f1e3ae91343e4aabf0de6ec50763b6
131,esco37,974108626da1c3972f57d8d98a7793d3f378d3c7
132,jordankitty,9787b715a9ea9ef26be9c03bb49664e357e279c9
133,Kryptocromo,981276d81272f7cd8808701645741db1abacad56
134,kenny,9993d3a6d5a26f1d37220fcb16947a8b16998c9f
135,Hack6c,99edf1f758f70b4e27db284ec32ab8ad3b1fa2cf
136,NA,9a203e2e251849a26566ebf94043d74feeb0011c
137,allmond,9a3e204bd2f012122b228fa68bf97539da965d3b
138,Amina,9b794360b929c58f9c2b58e9b722136b5f0788dd
139,rahcrawford,9b7c03efcc5638951d07647a583b5e390ebf8824
140,Colletc,9b9dffaad17cd0215e454dc0a6e221e7b6a16062
141,killeracid,9e30a1e5e13a2e0f2ed775bbd420fb7cb31ebebe
142,MLIBTY,9eec0b5bd8a48047f0dcc61e98b4b92951480f98
143,scheelmatt,9ef4acc2fd5cde01ece05bd4e44732a023ed7845
144,AfricanAngels,a02378ca1c24767ecd776aafec02158a30dc01ac
145,oficinastk,a4ad045d62a493f0ed883b413866448afb13087c
146,acid_raindance,a636e1a462f612e14adc20cb405d1727a6efca6a
147,CryptoKen,a9f153d96fd06fac8b76759f42ea2f6174ce4e0c
148,ilan_katin,ab3627317c43d394eb171170f818153b976d28a3
149,bamos,ac75b73394c329376c214663d92156afa864a77f
150,FractalEncrypt,ae04070d8d10b235a87341a5943ce9d9c94232b6
151,a52d4,aeb70953077c1eceff54b0c65b2a3c54ed7ea185
152,mpommella,b0bba976737b16aa75e6eb9ad331d5effeca3c8f
153,dafky2000,b13c38273e001f0427c26f15b79b57db90606a91
154,angel35mm,b25219a402f18160d30b7e827cf9f592989b081b
155,Kinchasa,b2f4b16595e02a9721f97e3e30fb5bbbf73f5f54
156,Roses,b3007ff3c3f40bdf0126fec7c8e43c3fc50ea813
157,AleSha,b308082a84f0cedabde8f8c019dc28c2140c9822
158,wintermute00,b394f1aa30ba874df3ae6097bf4c2474b2d8f3ac
159,realitycramp,b43cc3ae446c3418e755e4b873b96494841e232c
160,jrmoreau,b4f6ae2cca59f0ea3fb2559e32c61df753bb542a
161,0z,b50256eab69686cd95c41c903eb45e9a614f52ee
162,npc,b6b32ac9499921c86e191a5113779e4ebc3da958
163,obvious,b7734b5c378fd169d2b9720d0d5ac1a7b30f9fc9
164,Bitkid,b7f6fc2745e66a1f75a6deb50b9f9dbf816cfdda
165,Prometheus,b8903d33924b10b9cda7fd9505e395f1ae0b8532
166,melduARTE,b91e322219f17f365f93da46fe3057d561925d0a
167,gifanimator,b95f9f4a05e0b029010d624ae43ff7e762a15571
168,Flos,b9fc543c9cba9ab4a76a702e25306ae2dd848c2f
169,BoyPreviousDoor,baba92b7822a56c05554ab5d1bc1d0b7e212499d
170,CryptoGagosian,bb2aa379177a52f93089af262b98e9f298cde638
171,gememi,bc62985faabed27a8f174cbd5ea1ee7b1ed8fc12
172,Artnome,bc74c3adc2aa6a85bda3eca5b0e235ca08532772
173,Victor928,bc8dafeaca658ae0857c80d8aa6de4d487577c63
174,yuramiron,c15aa7af05ee4bdd05b475688f912761cfa1df19
175,D_Corso,c1ccf7456fd640473c383468df2c18a2e3d68ea5
176,NotoriousGangOfOne,c7149e861a03454ccb66b552797a05c8d98994ba
177,hasart,c72f3a0fedd9df54af271912f283cc0024c14197
178,LoveArtHate,cd815dd7ebfd7eb46fc2858f040296b654cd6b81
179,MarkH,ce82ceaf7f9df2ddb36ad01a8d1783f26b41f73b
180,superulyssetoio23,ceaa12eb3f45cb4d58b0f27512a286afeacaadcc
181,ArtbyMLO,ced2662fe30d876bef52f219eeac67e2b328effc
182,thesarahshow,cf0949bf6d2adf8032260fd08039c879cf71c128
183,Unicolai,d04c453461a77b342fea9d1fec55861399401122
184,coldie,d0c877b474cd51959931a7f70d7a6c60f50cdae7
185,NA,d6d6403ded517f2b7ab4fcbdc69b8718cdadb5cb
186,bflynn,d797d5784f43de300ec0d6bc34fc86023c5d71ce
187,artplusbrad,d7e1bc51cd3f30e21b17bab33d77078e3fb7cc26
188,AbeNet,da07c2cbf92e488960efd591f75d1cb00e9e64ed
189,Pajaritaflora-Digital,da5e56e6a41230ed87f39b7c65ede7a8373de403
190,sebdcl,dc19d539369c3da9172de453c05bc503c9ac6bc2
191,HansBenzin,dd965133ccad001c5bb9068d754841eed9b87fb2
192,shortcut,e13d4abee4b304b67c52a56871141cad1b833aa7
193,MomusCollection,e25c73435702fed11e9c5584ce6efe7cbff71739
194,RK,e5213d0a7ededd98d06524888b6cbc8624cf7be2
195,keldster,e5fdedd718bdf40904d67658fa4b9629a7a8b515
196,VisualCortex,e64b9a2ccd29c4b815442adb6fec216eb8426c10
197,CRYPTO101,e6e0514937c8398e029c2e6dde6dabb4f3c6397a
198,creative_crypto,e74ef81a02219a2646c2d1fb2e45a9a123fd6fac
199,NIQ,e88cfe8535af121121a4b475eefd13dae4fbc4cc
200,Wise,e8c9333d6ba367ebd7ed1afd83088b5b5ea15d84
201,macedonio,e923d07f58239356d4b1db37e03a22141f4f37c6
202,flew,e98bd4b49a1eafa8c2ecbf562073a12fae464b65
203,downbythesea,ec06218addda0551d54b77950bb9079db88fbea7
204,shrugs,ec6d36a487d85cf562b7b8464ce8dc60637362ac
205,shredcitynation,ec8c1050b45789f9ee4d09dcc7d64aaf9e233338
206,daniella_doodle,ed8b0f296a201d46066d895998bc5c191e47086d
207,McCid,eeeeec16d9471a5fae3b02a5cde6461fd2d4908a
208,MarkS,f0520845f700796b567cd740876f2e210f2468e5
209,NA,f0658281cd1eab7fdfd57760379fc0b35e499486
210,prestonattebery,f1721fa5b72191fdc428a2a5a5b4be02b711f0ea
211,flakoubay,f1db8a2623193757317639d0532daa5e3c8ea20c
212,art_lover,f2939a3fda65f0c4803b76125356b9778df2f6df
213,NicoEchoDelta,f7dacf4f4f6283eabd71847bfe4f35558e4aaf50
214,HEX0x6C,f8b32d30ac6ab3030595432533d7836fd76b078d
215,0x,f9196f9f176fd2ef9243e8960817d5fbe63d79aa
216,HackCollection,f9ea0aa5c9d0c0e0dc350f7f546a4655689ce7bb
217,Flynsky,fa30c7836ca6c0c85bb284880774620d283c3354
218,cabanossi,fb1363ec558fc289ba6d4a6c6ba7919cfbb22b14
219,wavefunk,fce9262f62f564edb7f2aed998ab3a551b5fb0ab
220,authenteq,fe0174255e410defaaf58b06e009e0ebcd74db59
221,eurocollector,fe325b95eff8c7b86b7085fc2f446a2ade5b6b6d
222,thali,ff02ddbab49a8d2853daf0a9c6d42ccfb4f21f40
